,Accuracy,F1 Score,Run Time (s)
Zero Shot GPT Classifier,0.565,0.4790419161676646,183.50604891777039
Few Shot GPT Classifier,0.4388888888888889,0.45405405405405413,2506.8284962177277
